,id,prompt_cn,text_content
0,000,一个大胆的演示，视觉化展示5G技术的影响，采用现代设计线索的粉色布局。标题为“5G技术的影响”，旁边是一个段落说明“5G网络正在带来更快的连接速度，支持自主车辆、远程手术和智能设备的创新。”一个标有“5G覆盖扩展”的图表包括“城市地区”、“郊区”和“农村”类别。装饰图标如5G图标、卫星碟和智能手机增加了背景信息。幻灯片以页脚说明“电信行业报告，2025”结尾。,"['5G技术的影响', '5G网络正在带来更快的连接速度，支持自主车辆、远程手术和智能设备的创新。', '5G覆盖扩展', '城市地区', '郊区', '农村', '电信行业报告，2025']"
1,001,在一个简约背景的衬托下，心理健康意识的主题展开。布局采用了现代设计风格与柔和的色彩。标题为“心理健康意识”，并配有一段文字说明：“公共讨论、职场倡议和数字治疗应用正在打破偏见，改善心理健康支持系统。”一个名为“心理健康应用使用情况”的图表中包括“冥想”、“治疗”和“情绪追踪”等类别。装饰性图标如大脑图标、心形和聊天气泡增添了背景信息。幻灯片以页脚备注“全球健康调查，2025”结束。,"['心理健康意识', '公共讨论、职场倡议和数字治疗应用正在打破偏见，改善心理健康支持系统。', '心理健康应用使用情况', '冥想', '治疗', '情绪追踪', '全球健康调查，2025']"
2,002,以清晰为设计理念，此幻灯片以蓝色渐变背景展示金融科技创新，背景上点缀抽象图案。标题为“金融科技创新”，并附有一段说明文字：“从基于区块链的交易到人工智能驱动的理财顾问服务，金融科技正在重塑消费者和企业管理资金的方式。”一个标注为“金融科技用户增长”的图表包括“区块链”、“移动支付”和“机器人顾问”等类别。区块链图标、智能手机和机器人的装饰性图标增添了语境。幻灯片最后附有页脚说明：“2025年金融科技趋势报告”。,"['金融科技创新', '从基于区块链的交易到人工智能驱动的理财顾问服务，金融科技正在重塑消费者和企业管理资金的方式。', '金融科技用户增长', '区块链', '移动支付', '机器人顾问', '2025年金融科技趋势报告']"
3,003,幻灯片设计简洁现代，采用深蓝色背景和淡雅的网格图案，突显结构性和专业性。左上角的大标题为“全球供应链中断”。下面的一段详细说明文字写着：“COVID-19大流行暴露了全球物流网络的脆弱性，导致前所未有的延误和成本增加。公司现在专注于供应商的多样化、区域制造以及投资数字跟踪系统以增强抵御能力。”右侧的条形图标题为“平均运输延误（2020-2024）”，比较了五大洲的延误情况，轴标签包括“北美”、“欧洲”和“亚洲”，数值标识清晰。三个图标——货船、工厂和定位针—排列在图表下方。页脚注释以较小字体显示“来源：国际贸易协会，2024”。,"['全球供应链中断', 'COVID-19大流行暴露了全球物流网络的脆弱性，导致前所未有的延误和成本增加。公司现在专注于供应商的多样化、区域制造以及投资数字跟踪系统以增强抵御能力。', '平均运输延误（2020-2024）', '北美', '欧洲', '亚洲', '来源：国际贸易协会，2024']"
4,004,一个吸引人的演示幻灯片，以干净的白色背景为底色，并带有浅灰色的对角叠加，呈现出简约但信息丰富的设计。标题以大号青绿色字体显示“员工满意度调查结果”，其下是副标题“2025年第一季度概览”。在副标题下面，一段文字总结了关键发现：“82%的员工报告工作满意度高，远程工作灵活性被评为最受欢迎的福利，与管理层的沟通改善了15%，而主要问题仍然是缺乏职业发展机会。”在右侧，一个标题为“影响满意度的因素”的彩色饼状图显示了五个分区，分别标有“工作与生活平衡”、“薪资待遇”、“成长机会”、“管理支持”和“工作环境”，每个分区都附有百分比值。在图表下方，简短说明写道：“尽管整体满意度保持较高水平，但需要针对职业成长问题采取有针对性的举措。”底部右侧放置了三个极简图标——一个笑脸、一个公文包和一个柱状图，以保持视觉平衡。,"['员工满意度调查结果', '2025年第一季度概览', '82%的员工报告工作满意度高，远程工作灵活性被评为最受欢迎的福利，与管理层的沟通改善了15%，而主要问题仍然是缺乏职业发展机会。', '影响满意度的因素', '工作与生活平衡', '薪资待遇', '成长机会', '管理支持', '工作环境', '尽管整体满意度保持较高水平，但需要针对职业成长问题采取有针对性的举措。']"
5,005,一个视觉上引人注目的PPT幻灯片，以从深紫色到浅紫罗兰色的渐变背景为特征，增强了未来主题。顶部居中的醒目白色标题写着“区块链应用超越加密货币”。下面的一段文字详述“区块链技术正在通过提供透明性、安全性和去中心化，革新医疗、供应链管理和投票系统等行业。智能合约自动化交易，减少了对中介的需求。”左侧的附加文本强调“主要应用包括安全的医疗记录、透明的供应链和防篡改的投票系统。”右侧的流程图标题为“区块链工作流程”，展示了按顺序连接的区块，带有标有“数据输入”、“验证”、“区块创建”和“分类账更新”的箭头。在描述性文字附近放置代表医院、卡车和投票箱的小图标。背景以水印风格的相互连接六边形图案填充。,"['区块链应用超越加密货币', '区块链技术正在通过提供透明性、安全性和去中心化，革新医疗、供应链管理和投票系统等行业。智能合约自动化交易，减少了对中介的需求。', '主要应用包括安全的医疗记录、透明的供应链和防篡改的投票系统。', '区块链工作流程', '数据输入', '验证', '区块创建', '分类账更新']"
6,006,在设计精美的PPT幻灯片中展示黑色背景配以金色装饰，体现出一种优雅和财务权威感。标题采用大写字母显示“投资组合多元化策略”。下面用白色字体写着一段简洁的段落：“多元化通过在各种资产类别（包括股票、债券、房地产和新兴市场）之间分配投资来降低风险。平衡的投资组合能在市场波动中适应，并最大化长期回报。”右侧，一个标题为“资产分配概况”的堆叠柱形图显示了标有“股票50%”、“债券25%”、“房地产15%”和“替代选择10%”的类别，并附有清晰的颜色编码图例。在图表左侧，支持文本解释道：“通过不同资产减少对单一市场衰退的暴露提高稳定性。”底部，一些股票市场图标、房屋图标和金币图标水平排列。页脚写着“咨询说明：过去的表现不能说明未来的结果。”,"['投资组合多元化策略', '多元化通过在各种资产类别（包括股票、债券、房地产和新兴市场）之间分配投资来降低风险。平衡的投资组合能在市场波动中适应，并最大化长期回报。', '资产分配概况', '股票50%', '债券25%', '房地产15%', '替代选择10%', '通过不同资产减少对单一市场衰退的暴露提高稳定性。', '咨询说明：过去的表现不能说明未来的结果。']"
7,007,在浅蓝色背景和抽象波浪图案的衬托下，这张内容丰富的专业幻灯片以一种易于接受的方式介绍技术概念。左上角的深蓝色粗体标题为“机器学习算法介绍”，副标题为“监督学习与无监督学习”。详细段落解释说：“监督学习使用标记数据集来训练算法，以进行分类和回归任务，而无监督学习则识别无标记数据中的隐藏模式，例如聚类和降维。这两种方法都是数据科学应用的基础。”在右侧，一个分割图表比较了两种类型，标注为“监督学习”的箭头指向决策树图标，而“无监督学习”的箭头则指向数据点簇。图表下方描述性文本指出：“常见算法包括用于监督学习的线性回归和支持向量机，以及用于无监督学习的K均值和主成分分析。”底部边框放置了三个相关图标——数据集表格、树状图和簇节点。,"['机器学习算法介绍', '监督学习与无监督学习', '监督学习使用标记数据集来训练算法，以进行分类和回归任务，而无监督学习则识别无标记数据中的隐藏模式，例如聚类和降维。这两种方法都是数据科学应用的基础。', '监督学习', '无监督学习', '常见算法包括用于监督学习的线性回归和支持向量机，以及用于无监督学习的K均值和主成分分析。']"
8,008,一张视觉上引人注目的PPT幻灯片，具有简约的背景与柔和的色调。醒目的标题写着“气候变化倡议”。一段文字解释道：“全球努力应对气候变化的重点在于可再生能源、碳减排政策和可持续发展实践”。一张图表标题为“碳排放减少目标”，标注有“美国”、“欧盟”和“中国”。图标包括一片叶子、一个地球和一个风力涡轮机，增强了视觉吸引力。页脚备注“联合国气候报告，2024年”。,"['气候变化倡议', '全球努力应对气候变化的重点在于可再生能源、碳减排政策和可持续发展实践', '碳排放减少目标', '美国', '欧盟', '中国', '联合国气候报告，2024年']"
9,009,想象一下一个PPT幻灯片，全球旅游复苏在干净的白色空间中居于中心位置，配以柔和的几何图形。标题为“全球旅游复苏”，并附有一段文字：“后疫情时代的旅行正在激增，其动力来自数字游牧主义、生态旅游和灵活的预订选项。” 一个标有“按大陆划分的游客到访量”的图表包含类别，如“欧洲”、“亚洲”和“美洲”。装饰性图标如飞机、行李箱和地球仪增添了背景。幻灯片以页脚注释“世界旅游组织，2025年”结束。,"['全球旅游复苏', '后疫情时代的旅行正在激增，其动力来自数字游牧主义、生态旅游和灵活的预订选项。', '按大陆划分的游客到访量', '欧洲', '亚洲', '美洲', '世界旅游组织，2025年']"
10,010,专为精通技术的年轻专业人士设计，这则现代而充满活力的广告在蓝紫渐变背景上展示了智能手机。文字元素包括“体验前所未有的速度”作为主要吸引力，“解锁全新便利级别。”作为附加细节，“早鸟优惠即将结束。”突出优惠，以及“下载应用程序，立即开始。”推动行动。徽标“TechNova”以视觉吸引人的方式将所有元素融合在一起。,"['体验前所未有的速度', '解锁全新便利级别。', '早鸟优惠即将结束。', '下载应用程序，立即开始。', 'TechNova']"
11,011,这幅充满活力和动感的广告视觉以鲜红和黑色背景为衬托，突出运动鞋。标题“跑得更快，走得更远”吸引眼球，副标题“创新驱动，精工打造”紧随其后。宣传文本“限时抢购：赶快行动，机会稍纵即逝”醒目呈现，同时“在为时已晚之前抢先拥有”鼓励行动。品牌标识“SwiftStep”与健身爱好者产生共鸣，整体布局均衡且引人入胜。,"['跑得更快，走得更远', '创新驱动，精工打造', '限时抢购：赶快行动，机会稍纵即逝', '在为时已晚之前抢先拥有', 'SwiftStep']"
12,012,这幅简约而清新的广告视觉效果突出展示有机护肤品，背景为柔和的绿色和白色。标题“自然之触，为你的肌肤”引人注目，随后是副标题“将舒适与优雅结合起来。”宣传文字“早鸟折扣即将结束。”显眼地出现，而“在线探索完整系列。”则激励行动。“PureGlow”品牌标志放置得当，引起注重健康女性的共鸣，完成了一个平衡且吸引人的布局。,"['自然之触，为你的肌肤', '将舒适与优雅结合起来。', '早鸟折扣即将结束。', '在线探索完整系列。', 'PureGlow']"
13,013,一张优雅而高雅的宣传图片展示了奢华手表，背景是引人注目的黑色和金色。顶部主导的是短语“永恒的优雅”，辅以副标题“用心打造，为每日时刻”。旁边的“立即加入并享受会员福利”引人注目，底部出现“今天就开始您的旅程”。品牌“永恒”在商业专业人士中确保了识别度。,"['永恒的优雅', '用心打造，为每日时刻', '立即加入并享受会员福利', '今天就开始您的旅程', '永恒']"
14,014,电动汽车在银蓝色背景的衬托下呈现出时尚而未来感十足的广告。核心信息“驾驭未来”醒目突出，紧随其后的是“为那些要求更高的人而设计”。特别优惠“早鸟折扣即将结束。”被清楚地显示出来，并附有行动号召“访问 www.brand.com 了解更多信息。”标志“VoltEdge”旨在与注重环保的驾驶者产生共鸣。,"['驾驭未来', '为那些要求更高的人而设计', '早鸟折扣即将结束。', '访问 www.brand.com 了解更多信息。', 'VoltEdge']"
15,015,这幅温暖宜人的广告视觉呈现了一台咖啡机，背景为棕色和奶油色。标题“每早酿造完美”立即引人注目，接着是副标题“开启便捷的新境界”。促销文本“早鸟优惠即将结束。”显著呈现，同时“立即访问我们的官网购买。”激励行动。品牌标志“CafeMaster”与咖啡爱好者产生共鸣，完美展现了一个平衡且引人入胜的布局。,"['每早酿造完美', '开启便捷的新境界', '早鸟优惠即将结束。', '立即访问我们的官网购买。', 'CafeMaster']"
16,016,旅游公司在天蓝色和橙色背景下呈现了一幅生动而富有冒险精神的广告。核心信息“发现您的下一个冒险”格外醒目，紧接着是“可持续性与风格完美结合”。特别优惠“立即加入，享受会员福利。”被清晰展示，并有一个号召行动“访问www.brand.com了解更多”。标志“GlobeTrek”旨在与年轻旅行者建立联系。,"['发现您的下一个冒险', '可持续性与风格完美结合', '立即加入，享受会员福利。', '访问www.brand.com了解更多', 'GlobeTrek']"
17,017,这款大胆且高科技的广告视觉呈现游戏笔记本电脑，以霓虹绿色和黑色背景为衬托。标题“释放你的力量”立即吸引注意力，接着是副标题“解锁新的便捷级别”。促销文本“购买一台，第二台五折优惠。”显著出现，而“立即注册以获取独家奖励。”则鼓励行动。品牌标志“GameCore”与游戏玩家产生共鸣，完成了一个平衡且吸引人的布局。,"['释放你的力量', '解锁新的便捷级别', '购买一台，第二台五折优惠。', '立即注册以获取独家奖励。', 'GameCore']"
18,018,以简洁且充满激励性的设计为特色，这则广告采用白色和青绿色背景突显优雅与实用性。主要文字为“随时随地成就您的私人教练”，辅以“可持续性与时尚完美融合”。醒目的横幅上写着“假日促销：全年最佳价格”，并引导观众“下载应用程序，立即开始”。“FitNow”标志作为整体构图的核心，吸引都市专业人士。,"['随时随地成就您的私人教练', '可持续性与时尚完美融合', '假日促销：全年最佳价格', '下载应用程序，立即开始', 'FitNow']"
19,019,浪漫奢华的宣传图像展示奢侈香水，背景采用引人注目的玫瑰金和柔粉色调。顶部醒目地写着“拥抱你的本质”，并配有副标题“体验无与伦比的质量和性能”。侧边注明“特别版现已上市”以吸引注意力，底部则写有“立即注册，获取独家奖励”。品牌名“Aura”确保在优雅女性中获得认可。,"['拥抱你的本质', '体验无与伦比的质量和性能', '特别版现已上市', '立即注册，获取独家奖励', 'Aura']"
20,020,在这则简洁现代的广告中，智能手表熠熠生辉，与黑银配色的背景相得益彰。标题写着“风格中保持连接”，副标题强调“体验无与伦比的品质与性能”。宣传标签显示“独家优惠：所有订单免邮费”，并通过“访问www.brand.com了解更多信息”来吸引参与。品牌“SyncTime”完善了设计，目标为科技爱好者。,"['风格中保持连接', '体验无与伦比的品质与性能', '独家优惠：所有订单免邮费', '访问www.brand.com了解更多信息', 'SyncTime']"
21,021,在这个充满色彩和趣味的广告中，Healthy Snacks 在绿色和黄色的背景中熠熠生辉。标题写着“聪明零食，健康生活”，副标题强调“精心制作，适用于日常时刻”。促销标语是“立即加入，享受会员福利”，而“今天注册赢取独家奖励”激发参与兴趣。品牌“NutriBites”完成了整体设计，目标群体为家庭。,"['聪明零食，健康生活', '精心制作，适用于日常时刻', '立即加入，享受会员福利', '今天注册赢取独家奖励', 'NutriBites']"
22,022,这幅专业且干净的广告视觉展示了在线课程平台，以海军蓝和白色背景为衬托。标题“随时随地学习”立即吸引注意力，接下来是副标题“精心打造，适用于日常时刻。”促销文本“限时抢购：抓住机会，售罄即止。”显眼显示，而“今天就与我们一起开启您的旅程。”鼓励采取行动。品牌标志“EduFlex”放置于此，以便与学生和专业人士产生共鸣，形成了一个平衡且引人入胜的布局。,"['随时随地学习', '精心打造，适用于日常时刻。', '限时抢购：抓住机会，售罄即止。', '今天就与我们一起开启您的旅程。', 'EduFlex']"
23,023,在这个充满活力和吸引力的广告中，流媒体服务在紫色和黑色背景中闪耀。标题写着“娱乐无极限”，副标题则是“为那些要求更多的人打造”。促销标签写着“仅限本周：额外礼物附赠。”，“探索完整收藏在线。”鼓励互动。品牌“Streamly”完善了设计，目标是电影爱好者。,"['娱乐无极限', '为那些要求更多的人打造', '仅限本周：额外礼物附赠。', '探索完整收藏在线。', 'Streamly']"
24,024,一张自然且干净的宣传图片，展示了环保瓶，背景为醒目的水蓝色和白色。顶部是醒目的短语“可持续补水”，辅以副标题“风格与功能的完美结合”。侧面“买一送一半价”引人注目，底部是“今天就开始您的旅程”。品牌“GreenSip”确保在环保用户中获得认可。,"['可持续补水', '风格与功能的完美结合', '买一送一半价', '今天就开始您的旅程', 'GreenSip']"
25,025,豪华酒店在一个由乳白色和金色背景构成的优雅而宁静的广告中呈现。核心信息“舒适与品位的交汇之地”尤为突出，随后是“您现代生活的完美伴侣。”特别优惠“早鸟折扣即将结束。”被清晰地展示，还有一个行动号召“访问www.brand.com了解更多信息。”标识“GrandVista”旨在与奢华旅行者联系。,"['舒适与品位的交汇之地', '您现代生活的完美伴侣。', '早鸟折扣即将结束。', '访问www.brand.com了解更多信息。', 'GrandVista']"
26,026,一幅未来感十足、引人入胜的宣传图，展示了虚拟现实头戴设备，背景为醒目的深蓝色和霓虹色点缀。顶部是醒目的短语“踏入新世界”，搭配副标题“为日常时刻精心打造”。侧边的“立即加入，享受会员福利”吸引注意力，而底部的“赶快入手，机会有限”则催人行动。品牌“VisionX”确保在科技游戏玩家中广泛认知。,"['踏入新世界', '为日常时刻精心打造', '立即加入，享受会员福利', '赶快入手，机会有限', 'VisionX']"
27,027,为城市通勤者设计，这则新鲜活跃的广告以自行车为主题，在青柠绿色和白色的背景上展示。文本元素包括“骑行改变”为主要吸引点，“解锁便利新境界。”为补充说明，“早鸟折扣即将结束。”用来突出优惠信息，以及“访问 www.brand.com 了解更多。”引导行动。标识“EcoRide”以视觉上吸引人的形式将这些元素结合在一起。,"['骑行改变', '解锁便利新境界。', '早鸟折扣即将结束。', '访问 www.brand.com 了解更多。', 'EcoRide']"
28,028,一个专业且安全的视觉呈现的在线银行应用程序，背景为醒目的蓝色和灰色。引人注目的口号“智能银行，生活更好”立即吸引注意，与为现代专业人士提供的“FinEase”标志相得益彰。,"['智能银行，生活更好', 'FinEase']"
29,029,这款友好且充满色彩的广告视觉将宠物食品展示在橙色和白色背景上。标题“健康宠物，幸福生活”立即吸引注意力，接着是副标题“现代生活的完美伴侣”。促销文字“限时优惠：今天立减20%！”以显著方式呈现，而“今天就开始我们的旅程吧”则鼓励行动。品牌标志“Pawfect”旨在与宠物主人产生共鸣，完成一个平衡且吸引人的布局。,"['健康宠物，幸福生活', '现代生活的完美伴侣', '限时优惠：今天立减20%！', '今天就开始我们的旅程吧', 'Pawfect']"
30,030,这款简洁且科技感十足的广告视觉以白色和浅蓝色背景突出智能家居设备。主标题“轻松掌控您的家”引人注目，接着是副标题“现代生活的完美伴侣”。促销文字“新品上市：不要错过。”醒目出现，而“立即注册，领取独家奖励。”则鼓励用户采取行动。品牌标志“HomeIQ”与房主产生共鸣，构成一个平衡且吸引人的布局。,"['轻松掌控您的家', '现代生活的完美伴侣', '新品上市：不要错过。', '立即注册，领取独家奖励。', 'HomeIQ']"
31,031,专为家庭和儿童设计，这则充满趣味和色彩的广告在柔和的粉色和薄荷绿背景上展示冰淇淋品牌。文字部分包括“舀入快乐”作为主要吸引点，“现代生活的完美伴侣。”作为附加说明，“独家优惠：所有订单免运费。”突出优惠，以及“立即下单，提升您的体验。”推动行动。标志“FrostyJoy”以视觉上令人愉悦的方式完美结合。,"['舀入快乐', '现代生活的完美伴侣。', '独家优惠：所有订单免运费。', '立即下单，提升您的体验。', 'FrostyJoy']"
32,032,以温馨宜人的设计为特色，这则广告采用米色和栗色背景，突显优雅与实用。主要文字为“故事的世界在等待”，辅以“创新驱动，精心打造卓越”。醒目的横幅写着“假日促销：本季最低价格”，引导观众“今天就与我们一起开启您的旅程”。标志“BookNest”成为画面主体，吸引书籍爱好者。,"['故事的世界在等待', '创新驱动，精心打造卓越', '假日促销：本季最低价格', '今天就与我们一起开启您的旅程', 'BookNest']"
33,033,电动滑板车在这张都市风格和时尚感十足的广告图片中占据中心位置，背景由黑色和柠檬绿色构成。顶部醒目的标语是“城市疾行”，右下角优雅地展示着“ZipGo”。完美契合城市通勤者的需求。,"['城市疾行', 'ZipGo']"
34,034,家居装饰店在一个白色和金色背景的优雅现代广告中展示。核心信息“风格您的空间”突出显示，接着是“精心打造，为日常时刻而生”。特别优惠“节日促销：季节最佳价格”明确显示，并附有行动号召“访问www.brand.com了解更多”。标志“Decora”旨在与房主产生联系。,"['风格您的空间', '精心打造，为日常时刻而生', '节日促销：季节最佳价格', '访问www.brand.com了解更多', 'Decora']"
35,035,想象一份优雅的法式餐厅菜单放置在大理石桌面上。顶部的文字写着“Le Petit Paris”。菜单以“前菜”开始，包括“法式洋葱汤——慢炖焦糖化洋葱，加入浓郁的牛肉汤，顶部覆盖格吕耶尔奶酪和烤法棍片——9美元”和“蜗牛——勃艮第蜗牛烤制于蒜香香菜黄油中，搭配新鲜烘焙的面包——12美元”。接着是“主菜”，呈现“油封鸭腿——鸭腿以自身的脂肪慢煮，配上烤土豆和百里香——22美元”和“普罗旺斯蔬菜炖菜——将西葫芦、茄子、甜椒和番茄以橄榄油和新鲜香草炖煮而成——18美元”。甜品部分突出了“焦糖布丁——香草奶油冻配焦糖化糖壳，冷藏后食用——8美元”。文字流畅自然，将精致的菜品描述与优雅的风格完美结合。,"['Le Petit Paris', '前菜', '法式洋葱汤——慢炖焦糖化洋葱，加入浓郁的牛肉汤，顶部覆盖格吕耶尔奶酪和烤法棍片——9美元', '蜗牛——勃艮第蜗牛烤制于蒜香香菜黄油中，搭配新鲜烘焙的面包——12美元', '主菜', '油封鸭腿——鸭腿以自身的脂肪慢煮，配上烤土豆和百里香——22美元', '普罗旺斯蔬菜炖菜——将西葫芦、茄子、甜椒和番茄以橄榄油和新鲜香草炖煮而成——18美元', '焦糖布丁——香草奶油冻配焦糖化糖壳，冷藏后食用——8美元']"
36,036,想象一个极简风格的日式寿司吧菜单，放置在浅色木质柜台上。顶部写着“樱花寿司吧”。在“开胃菜”下，有“味噌汤——传统味噌汤配豆腐块、裙带菜和青葱——4”和“毛豆——蒸嫩毛豆撒上海盐——5”。“寿司卷”部分展示了“龙卷——烤鳗鱼、黄瓜、牛油果，顶部是甜酱油和芝麻——16”和“辣金枪鱼卷——新鲜金枪鱼混合辣味蛋黄酱，包裹米饭和海苔——14”。甜点包括“麻糬冰淇淋——软糯米糕夹奶油冰淇淋，多种口味可选——6”。每个文本元素与详细的食材描述相融合，以简洁、优雅的结构体现日本的简约风。,"['樱花寿司吧', '开胃菜', '味噌汤——传统味噌汤配豆腐块、裙带菜和青葱——4', '毛豆——蒸嫩毛豆撒上海盐——5', '寿司卷', '龙卷——烤鳗鱼、黄瓜、牛油果，顶部是甜酱油和芝麻——16', '辣金枪鱼卷——新鲜金枪鱼混合辣味蛋黄酱，包裹米饭和海苔——14', '麻糬冰淇淋——软糯米糕夹奶油冰淇淋，多种口味可选——6']"
37,037,将一个五颜六色的甜品菜单呈现于一个点缀着糖果颗粒的粉彩背景上。顶部有一个俏皮的标题“甜蜜乐园”。菜单中列出诱人的甜点，如“红丝绒蛋糕”，搭配丝滑的奶油奶酪糖霜——仅售6美元。在“冰淇淋”下，突出“香草圣代”，上面点缀着坚果和樱桃。糕点包括“马卡龙”，提供多种口味，每份价格单独标示。在底部添加一个有趣的提示：“供应奶昔——草莓、巧克力、香草”。字体充满奇思妙想，提升这个甜点天堂的欢乐氛围。,"['甜蜜乐园', '红丝绒蛋糕', '冰淇淋', '香草圣代', '马卡龙', '供应奶昔——草莓、巧克力、香草']"
38,038,想象一个传统的中餐厅菜单，摆放在深色木桌上，旁边放着优雅的筷子。设计突出顶部用经典书法字体书写的“金龙餐厅”。下面，“头盘”和“主菜”等部分排列整齐。特色菜如“春卷——酥脆卷皮包裹鲜嫩蔬菜 $5”和“宫保鸡丁——鸡肉与花生和辣椒炒制 $14”。接近底部，包含甜品如“芒果布丁 $6”和饮品如“茉莉花茶 $3”。布局体现平衡与和谐，类别清晰，菜品丰富多样。,"['金龙餐厅', '头盘', '主菜', '春卷——酥脆卷皮包裹鲜嫩蔬菜 $5', '宫保鸡丁——鸡肉与花生和辣椒炒制 $14', '芒果布丁 $6', '茉莉花茶 $3']"
39,039,制作一个乡村风格的西班牙菜单，展示在一个木桌上，旁边有橄榄和一个葡萄酒壶。标题“Casa de Tapas”出现在顶部附近，由装饰图案框住。首先是“Tapas”，邀请客人尝试“Patatas Bravas”——脆皮土豆配辣番茄酱，标价7美元。在“主菜”下，以“Paella”为特色，描述为将藏红花米和新鲜海鲜混合在一起的艳丽混合物，价格为20美元。在“甜点”中，展示“Churros”，配上温热的巧克力蘸酱。饮品栏随意提到“每杯桑格利亚汽酒”，使整个菜单感觉轻松宜人，就像一个真正的西班牙夜晚一样。,"['Casa de Tapas', 'Tapas', 'Patatas Bravas', '主菜', 'Paella', '甜点', 'Churros', '每杯桑格利亚汽酒']"
40,040,“梦境猫冒险，2025年春节”海报，一位美丽的女人骑着一只巨大的猫穿梭在幻想世界中。,['梦境猫冒险，2025年春节']
41,041,生成一张海报，标题为“独角兽森林的魅力”，展示一个女孩挥舞着发光的魔杖，独角兽在古老森林的迷雾中出现。,['独角兽森林的魅力']
42,042,制作一张海报，上面写着“美食嘉年华：串烧街头盛宴”，描绘在热闹的美食街上，一位快乐的商贩正在烤串。,['美食嘉年华：串烧街头盛宴']
43,043,设计一张海报，展示“雨中邂逅：爱之初绽”，画面中男孩在雨中向女孩递上一把红色雨伞。,['雨中邂逅：爱之初绽']
44,044,制作一张海报，上面写着 “甜蜜森林：魔法冒险”，背景是一个糖果森林，一只拿着魔法糖果的兔子在棒棒糖树下漫游。,['甜蜜森林：魔法冒险']
45,045,营地者聚集在星空下篝火旁，旁边是耐用的牧高笛帐篷。标题：“您每次户外冒险的理想伴侣。”,['您每次户外冒险的理想伴侣。']
46,046,骑自行车的人在明亮的阳光下竞速，车轮快速旋转。底部文字：“速度狂潮：激情骑行日”。,['速度狂潮：激情骑行日']
47,047,一个穿着银色盔甲的孤独宇航员面对着宇宙战争。标题揭示：“银河捍卫者：一位孤胆英雄拯救宇宙于末日”。,['银河捍卫者：一位孤胆英雄拯救宇宙于末日']
48,048,在地铁上，一位女士享受着杯中温暖的茶。文字显示：“象印：温暖一整天。”,['象印：温暖一整天。']
49,049,标题为《樱花之恋：校园旋律》的海报展示了樱花飘落时，一个男孩为微笑的女孩挂上了许愿牌。,['樱花之恋：校园旋律']
50,050,科学家们专注于在一个闪耀的高科技实验室中进行实验。墙上的海报宣称：“突破边界，创造未来奇迹”。,['突破边界，创造未来奇迹']
51,051,人们在一张写着“创造更好的自己”的健身海报下刻苦训练。,['创造更好的自己']
52,052,母亲在装饰蛋糕时，孩子热切地观看着。标题：“爱的烘焙：一个家庭故事”。,['爱的烘焙：一个家庭故事']
53,053,一把红伞在雨中的街道上连接着两颗心。中心文字：“雨中的邂逅：偶遇中的爱萌发”。,['雨中的邂逅：偶遇中的爱萌发']
54,054,一名特工在爆炸声中在屋顶之间跳跃。粗体字宣布：“城市阴影：特工行动”。,['城市阴影：特工行动']
55,055,这是一张名为“校园趣事：图书馆搞笑活动”的海报。笑声充满了图书馆，一名学生模仿了一个滑稽的场景。,['校园趣事：图书馆搞笑活动']
56,056,巫师飞过漂浮的城堡，一个年轻的学徒抬头凝望。标题：“向天空的学院：魔法之旅”。,['向天空的学院：魔法之旅']
57,057,海报题为“银河护卫者：终极之战”，描绘了一名身着盔甲的宇航员在星际战争的混乱中，在一个即将崩溃的星球上。,['银河护卫者：终极之战']
58,058,“时尚趋势：风格的世界”被认为是海报的主题。身穿时髦服装的模特们在繁忙的时尚街道上吸引眼球。,['时尚趋势：风格的世界']
59,059,拳手在拳台上激烈对决。怒吼的人群见证：“力量觉醒：终极拳击对决”。,['力量觉醒：终极拳击对决']
60,060,在一间小学教室里，孩子们热切地用晨光彩色铅笔进行创作。他们明亮、流畅的笔触将富有想象力的艺术作品栩栩如生，笑容在他们的脸上绽放。海报上写着：“晨光彩色铅笔——鲜艳的色彩和细腻的笔触为孩子们的创意世界增添光彩，激发艺术才能和快乐的绘画冒险。”,['晨光彩色铅笔——鲜艳的色彩和细腻的笔触为孩子们的创意世界增添光彩，激发艺术才能和快乐的绘画冒险。']
61,061,海报上强调：“Belle 高跟鞋 —— 风格与舒适的完美结合，采用优质皮革，设计优雅，细节闪耀。” 在购物中心的鞋类区，一位时尚爱好者被这些高跟鞋吸引，柔软光滑的皮革和理想的鞋跟高度兼具优雅与舒适，让每一步都充满自信与优雅。,['Belle 高跟鞋 —— 风格与舒适的完美结合，采用优质皮革，设计优雅，细节闪耀。']
62,062,海报宣传: “德龙咖啡机——轻松享受家中醇厚、咖啡店品质的咖啡，精准控制，操作简单。”在一家温馨的咖啡馆里，咖啡师煮出芳香四溢的咖啡，咖啡豆被研磨和萃取。机器的人性化设计和精准设置确保每一杯咖啡顺滑、醇香四溢，令人无法抗拒。,['德龙咖啡机——轻松享受家中醇厚、咖啡店品质的咖啡，精准控制，操作简单。']
63,063,海报展示了：“XGIMI智能投影仪——为您的家庭影院带来超高清视觉效果和沉浸式音效。”在阳光明媚的客厅里，一家人享受着轻松的周末，孩子们打开投影仪，将空白的墙壁变成了一块生动的屏幕。凭借逼真的色彩和环绕声，每部电影都像是真实的影院体验，在家中创造了快乐的回忆。,['XGIMI智能投影仪——为您的家庭影院带来超高清视觉效果和沉浸式音效。']
64,064,在午夜的黑暗森林中，露营者遇到了一群潜伏的狼群。海报中央写着：“森林狼：夜间袭击——在寂静的夜晚，微弱的月光下，发着绿光的眼睛从树林中浮现，狼群逼近。摇曳的帐篷灯光映出惊恐的面孔。生存本能被唤醒，一场人与狼之间激烈的生死较量即将开始，命运未卜。”,['森林狼：夜间袭击——在寂静的夜晚，微弱的月光下，发着绿光的眼睛从树林中浮现，狼群逼近。摇曳的帐篷灯光映出惊恐的面孔。生存本能被唤醒，一场人与狼之间激烈的生死较量即将开始，命运未卜。']
65,065,设计一张电影海报，展示一个穿着赛博护甲的士兵站在被毁的桥上，桥下是霓虹灯照耀的摩天大楼。海报中包含丰富的文字内容。顶部突出显示粗体标题“钢铁地平线”，接下来是标语：“当机器崛起时，英雄涌现。”下面是详细描述：“2147年，在人工智能统治下，人类面临灭绝。莱克上尉领导最后的抵抗运动，冒着一切风险，力图恢复在钢铁和代码统治的世界中的自由。”底部的发行信息写着：“今年十一月上映 —— 加入人类未来的战斗。”,"['钢铁地平线', '当机器崛起时，英雄涌现。', '2147年，在人工智能统治下，人类面临灭绝。莱克上尉领导最后的抵抗运动，冒着一切风险，力图恢复在钢铁和代码统治的世界中的自由。', '今年十一月上映 —— 加入人类未来的战斗。']"
66,066,捕捉户外音乐节的活力：一个充满生机的舞台、五颜六色的聚光灯和挥舞荧光棒的人群。海报的顶端以粗体字显示“夏季节拍音乐节2025”。下面，一句引人入胜的标语写道：“在星空下与世界知名的DJ和乐队共舞。”再往下是详细信息：“3天现场音乐、美食和欢乐——7月15日至17日，地点在河畔公园。”底部有一个行动呼吁“立即在www.summerbeats.com上购买门票。”,"['夏季节拍音乐节2025', '在星空下与世界知名的DJ和乐队共舞。', '3天现场音乐、美食和欢乐——7月15日至17日，地点在河畔公园。', '立即在www.summerbeats.com上购买门票。']"
67,067,展示两名足球运动员在灯火通明的拥挤体育场中争顶头球。海报上以醒目的大字体显示标题“冠军对决2022”。底部的标语写着“传奇诞生之地，荣耀等待”。附加文字宣布“市鹰队对河巨人队——终极对决。”底部是比赛详情：“8月10日，晚上7点——国家体育场。门票在网上发售。”,"['冠军对决2022', '传奇诞生之地，荣耀等待', '市鹰队对河巨人队——终极对决。', '8月10日，晚上7点——国家体育场。门票在网上发售。']"
68,068,展示一个在柔和灯光下展示的金色文物，背景有大理石柱子。海报标题写着“时光珍宝展览。”副标题邀请“探索古代文明的遗迹。”描述部分解释“体验5000年的历史，发现稀有文物、互动展览和导览游。”底部文本显示“大博物馆展厅 | 5月1日 - 9月30日 | www.museumtickets.com.”,"['时光珍宝展览。', '探索古代文明的遗迹。', '体验5000年的历史，发现稀有文物、互动展览和导览游。', '大博物馆展厅 | 5月1日 - 9月30日 | www.museumtickets.com.']"
69,069,描绘两名侦探站在昏暗的小巷中，雨水落下，背景是城市天际线。海报标题为《正义之影》。旁边写着引人注目的标语：“每座城市都藏着秘密——他们揭示真相。”一段简短的描述写道：“一部犯罪剧，讲述侦探莱恩和克鲁兹穿越腐败与背叛的故事。”首播信息位于底部：“10月5日起在StreamNow流媒体平台上线——每周五更新新剧集。”,"['每座城市都藏着秘密——他们揭示真相。', '一部犯罪剧，讲述侦探莱恩和克鲁兹穿越腐败与背叛的故事。', '10月5日起在StreamNow流媒体平台上线——每周五更新新剧集。']"
70,070,制作一张慈善活动海报，背景为一个被单盏顶灯照亮的黑暗小巷。海报标题为《夜之回响》，副标题为“笑声回荡永恒”。其他文字包括“由星光乐团倾情演绎”和“11月20日，大礼堂”。底部的评论引用写道：“穿越时空的交响之旅。——《音乐周刊》”。,"['笑声回荡永恒', '由星光乐团倾情演绎', '11月20日，大礼堂', '穿越时空的交响之旅。——《音乐周刊》']"
71,071,以一座旧火车站和即将启程的火车为背景，这张历史剧海报展示了标题“勇气的回声”和副标题“揭开历史”。设计突出了一些短语，如“独家放映”和“今年秋季上映”，而一篇精选评论则写道：“扣人心弦的谜团，让你猜不透。——惊悚时报。”,"['勇气的回声', '揭开历史', '独家放映', '今年秋季上映', '扣人心弦的谜团，让你猜不透。——惊悚时报。']"
72,072,在硝烟弥漫的战场上，艺术展海报的副标题在醒目的标题“低语回声”下方写着“内心的战争”。醒目的文字宣布“由亚历克斯·梦露执导”和“首映于9月14日”，而结尾的评论则引人注目：“一个引人入胜的韧性与发现之旅——《每日电影》。”,"['低语回声', '内心的战争', '由亚历克斯·梦露执导', '首映于9月14日', '一个引人入胜的韧性与发现之旅——《每日电影》。']"
73,073,海报展示了标题“命运的回声”，副标题为“黑暗中的声音”，随后是“主演米娅·托雷斯”和“现场演出，10月5日”。背景是一个被废弃的城市街道，被闪烁的霓虹灯照亮，设计捕捉到了这个电视节目神秘的氛围。,"['命运的回声', '黑暗中的声音', '主演米娅·托雷斯', '现场演出，10月5日']"
74,074,一艘豪华游轮在深蓝的大海上航行，甲板上正在举办盛大的宴会。一位身材丰满的中年妇女身穿华丽但紧身的礼服，自信地跑调高歌。乘客们要么笑出声，要么捂住耳朵，侍者们则端着饮品穿梭。海报上写着“游轮故事：海上狂欢之旋律”。,['游轮故事：海上狂欢之旋律']
75,075,在地球荒凉的废墟上，一台破旧的机器人怀抱着一个手拿小花的孩子，而一艘巨大的机械母舰悬停在上空。海报上写着“机械时代”，讲述在一个由冰冷钢铁统治的世界中，机器与人类之间的纽带孕育出的脆弱希望。,['机械时代']
76,076,一个年轻男子配备专业攀岩装备，紧握户外岩壁，肌肉紧绷，目光锁定顶峰。在他下方，教练注视着他的每一个动作，朋友们热情为他加油。海报上醒目地写着 “巅峰挑战：攀登者之路”，彰显勇气与坚持不懈。,['巅峰挑战：攀登者之路']
77,077,在薄雾弥漫的山路上，一位穿着风衣、拿着登山杖的坚定徒步者向山顶攀登。他的脸上显示出坚定不移的决心，周围是令人叹为观止的景色。海报呈现出“攀登高峰：壮丽的山岳之旅”，捕捉了冒险和探索的精神。,['攀登高峰：壮丽的山岳之旅']
78,078,海报顶部展示了“正义之声：女律师的传奇”。在法庭上，一名身穿黑袍的女律师站在被告席前，发表充满激情的辩护。观众认真聆听，目光紧紧追随她，因她以坚定的态度讲话。,['正义之声：女律师的传奇']
79,079,在海报的中间出现了文字“雅致生活：茶具的艺术魅力”。在家居用品商店里，一套精美制作的茶具被陈列在展台上。一位顾客拿起一个茶杯，专注地查看它的形状和细节。,['雅致生活：茶具的艺术魅力']
80,080,“冰封峰探险”在海报顶部占据主导位置，展示登山者在暮色下攀登冰冷峭壁。下面的标语写着“以勇气和决心征服自然的最后前沿。”更多细节宣布“加入终极冒险——航班将于2025年12月开始。”底部的预订信息指出“立即在www.frozenpeaks.com保留您的位置。”,"['冰封峰探险', '以勇气和决心征服自然的最后前沿。', '加入终极冒险——航班将于2025年12月开始。', '立即在www.frozenpeaks.com保留您的位置。']"
81,081,捕捉灯笼点缀的街市在农历新年庆典中绚丽多彩的节日氛围。海报以优雅的传统字体突出了“2025年春节庙会”。下面是一条欢快的口号：“伴随炫目的灯光、地道的风味和永恒的传统一起庆祝。”活动详情如下：“2月1日至10日，老城区广场 — 所有游客免费入场。”,"['2025年春节庙会', '伴随炫目的灯光、地道的风味和永恒的传统一起庆祝。', '2月1日至10日，老城区广场 — 所有游客免费入场。']"
82,082,在一片星光璀璨的天空下，宁静的沙漠景致之上，海报标题《天体奇观：观星之夜》以银色柔和地发光。中部的文字邀请道：“通过导览望远镜之旅和专家讲座探索宇宙。”页脚信息提供：“每周六晚上在海市蜃楼沙丘天文台。门票可在线购买。”,"['通过导览望远镜之旅和专家讲座探索宇宙。', '每周六晚上在海市蜃楼沙丘天文台。门票可在线购买。']"
83,083,展示一辆赛车在霓虹灯照耀的赛道上飞速疾驰，火花四溅，速度感席卷而来。海报充满活力，以大胆且动感的字体呈现“速度大奖赛2024”。底部的标语写道：“感受速度，体验刺激，见证历史的流动。”比赛日信息完善了设计：“6月22日——雷霆赛道——访问www.velocitygp.com获取门票。”,"['速度大奖赛2024', '感受速度，体验刺激，见证历史的流动。', '6月22日——雷霆赛道——访问www.velocitygp.com获取门票。']"
84,084,“画布与美酒之夜”优雅地出现在一个温馨的艺术工作室场景的顶部，朋友们一边绘画一边品尝美酒。一句俏皮的标语写道：“放松氛围中，畅饮、绘画、解压。”以下是预订详情：“每周五下午7点，ArtHouse Studio——今天就预订您的席位。”,"['画布与美酒之夜', '放松氛围中，畅饮、绘画、解压。', '每周五下午7点，ArtHouse Studio——今天就预订您的席位。']"
85,085,在繁茂的丛林遗址中，藤蔓缠绕，神秘环绕，海报上显示“失落神庙展览的秘密”。中间一行引人入胜的文字写着：“揭开古老神话、隐藏的文物和被遗忘的传奇。”结尾文本提供“8月12日于城市博物馆开幕。访问www.citymuseum.com了解更多信息。”,"['失落神庙展览的秘密', '揭开古老神话、隐藏的文物和被遗忘的传奇。', '8月12日于城市博物馆开幕。访问www.citymuseum.com了解更多信息。']"
86,086,在波涛汹涌的海浪和夕阳洒落的海滩舞台背景下，演唱会海报标题为“2025海洋现场”。醒目标语呼喊：“音乐、沙滩和无尽的夏夜期待着你。”下面部分列出：“7月8-9日在珊瑚湾海滨举行——门票正在热销，赶紧抢购吧！”,"['2025海洋现场', '音乐、沙滩和无尽的夏夜期待着你。', '7月8-9日在珊瑚湾海滨举行——门票正在热销，赶紧抢购吧！']"
87,087,“午夜假面舞会”装点着海报的中心，海报上描绘着戴着面具的舞者在宏伟大厅中璀璨的吊灯下旋转。上方，一句神秘的标语低声细语：“优雅与悬疑交织，每个身份都是秘密。”活动详情如下：“12月31日 — 水晶宴会厅。需正式着装。”,"['午夜假面舞会', '优雅与悬疑交织，每个身份都是秘密。', '12月31日 — 水晶宴会厅。需正式着装。']"
88,088,展示一个未来派图书馆，书架间悬浮着发光的全息书。海报介绍“知识未来研讨会。”中间的文字邀请参与者“探索人工智能创新、大数据及教育的新时代。”底部显示日期和地点：“10月3-5日，全球科技中心。立即注册。”,"['知识未来研讨会。', '探索人工智能创新、大数据及教育的新时代。', '10月3-5日，全球科技中心。立即注册。']"
89,089,在雪覆盖的小屋下，在闪烁的北极光下，节日海报呈现“冬季仙境节”。附近有一个欢快的口号写道：“期待您的家人和朋友来体验灯光、欢笑和节日魔法。”页脚细节包括“12月10日至25日，在松木村——访问www.winterfest.com获取完整日程。”,"['冬季仙境节', '期待您的家人和朋友来体验灯光、欢笑和节日魔法。', '12月10日至25日，在松木村——访问www.winterfest.com获取完整日程。']"
90,090,在一个温馨咖啡馆的入口附近，以粗犷的木材和淡淡的粉笔痕迹为框架，设计一个黑板，展示用粗体大写字母装饰的短语“今日特价：自制南瓜汤”，并配以装饰性的旋涡和手绘汤碗。,['今日特价：自制南瓜汤']
91,091,设计一个白板布局，展示设计元素，显示“团队会议下午3点——不要迟到！”。使用简洁的方块字混合上有趣的箭头和钟表涂鸦。白板安装在现代办公会议室内，周围是玻璃墙和人体工学椅子。,['团队会议下午3点——不要迟到！']
92,092,黑板置于轻松氛围的咖啡店内的砖墙上，周围有柔和的灯光和盆栽植物。在黑板上用大号草书写下“只限好心情”的引用，用叶状边框和星形图标加以点缀。,['只限好心情']
93,093,制作一个黑板标志，上面用优雅的草书字体、横幅和手绘花卉元素显示“欢迎来到艾玛和杰克的婚礼”。这块复古黑板放置在花园入口处，周围环绕着花卉和木制装饰。,['欢迎来到艾玛和杰克的婚礼']
94,094,生动呈现一块白板上的信息：“本周目标：保持专注 & 持续前进”，以醒目的全大写加粗字体书写，辅以下划线、复选框和激励性的箭头进行强调。白板位于一个明亮教室的前方，教室里摆放着五彩斑斓的课桌和书架。,['本周目标：保持专注 & 持续前进']
95,095,用混合字体设计“每日新鲜烘焙的面包”，结合粗体衬线字母和柔和曲线，并配有小麦和面包的素描。一块黑板靠在繁忙街角的砖墙外，一家热闹的面包店迎着阳光。,['每日新鲜烘焙的面包']
96,096,桌上的黑板放在酒吧柜台上，周围都是瓶子和昏暗的环境灯光。可以看到黑板上用俏皮的泡泡字、装饰性的线条以及鸡尾酒杯的涂鸦写着“欢乐时光 5-7 PM”。,['欢乐时光 5-7 PM']
97,097,创建一个艺术性的白板设计，展示“科学展览2024 —— 探索、发现、发明”，采用动态字体样式，周围环绕着灯泡、试管和齿轮等图标。白板设置在学校体育馆中，那里摆满了彩色项目展示。,['科学展览2024 —— 探索、发现、发明']
98,098,设计一个黑板海报，上面用粗犷的字体写着“农贸市场——有机和本地产品”，四周围绕着手绘的蔬菜和篮子。大黑板位于露天市场的入口处，背景是摊位和新鲜农产品。,['农贸市场——有机和本地产品']
99,099,白板安装在砖墙上，周围环绕着艺术用品、草图和一个透进自然光的大窗户。想象一下，一个工作室里的白板上写着“创意从这里开始”，用流畅的草书书写，并结合几何图形和灯泡的草图。,['创意从这里开始']
100,100,在一个显示“成就解锁：暗影大师”的框架文本框内，创作一个像素艺术：一个游侠角色在黑暗的小巷中完美地融入环境，他戴着兜帽的身影隐藏在阴影中。,['成就解锁：暗影大师']
101,101,在上方显示“系统更新：现在支持园艺模式！”的透明框中，生成在未来花园中浇灌像素化花朵的快乐机器人像素艺术。,['系统更新：现在支持园艺模式！']
102,102,设计像素艺术图，在繁星点点的夜空下，一艘海盗船航行在像素波浪之中，船桅附近有一个带框文字框，里面写着“任务完成：找到的朗姆酒比宝藏还多”。,['任务完成：找到的朗姆酒比宝藏还多']
103,103,绘制像素艺术：探险者在雪山顶上插旗，场景上方有一个粗边框的盒子展示“成就解锁：因为它在那里。”,['成就解锁：因为它在那里。']
104,104,制作像素艺术图，一个困倦的巫师在打开的魔法书旁打瞌睡，周围环绕着魔法火花，同时一个悬浮的框显示“法力耗尽，开始小憩”。,['法力耗尽，开始小憩']
105,105,在黎明时分，把一个战士放在战场上，他手持一把断剑，头顶的对话框里显示：“胜利……代价。”,['胜利……代价。']
106,106,“梦见冒险”这句话写在一个带框文字框中，放在一只猫旁边，猫正睡在一叠书上，靠近一个温馨的图书馆窗边。,['梦见冒险']
107,107,在实验室场景中，描绘一位科学家拿着一个发光的烧瓶，并在他旁边添加一个浮动的对话框，上面写着“这可能会成功！”,['这可能会成功！']
108,108,在施法中的法师上方的可见文本框中显示“又来了……”,['又来了……']
109,109,在面包店前台上方，一位微笑的面包师展示新鲜的面包，放置一个装饰标签，上面写着“全城最佳！”,['全城最佳！']
110,110,在晴朗的蓝天上点缀着几朵云，一根街道杆上挂着两个不同的标志：顶部是一个绿色标志，上面写着“E 42 AVE”，旁边有一个小自行车图标；下面是一个蓝色标志，上面写着“城市自行车路线”。在它们下面，一个黑白的“单向”标志指向左侧，指引交通。,"['E 42 AVE', '城市自行车路线', '单向']"
111,111,阴云密布的天空中，一根高高的金属杆上立着一个绿色的方向指示牌。指示牌上显示着两条路径：“机场”、“市中心”和“数学站”用箭头指向前方，而“博物馆”、“购物广场”和“科技园区”则指向左侧。,"['机场', '市中心', '数学站', '博物馆', '购物广场', '科技园区']"
112,112,被黑色边框围住，底部写着小写白色字母“emily rogers”，一位身穿红色潜水服的冲浪者正驾驭着一波高耸的翠绿色海浪。海洋翻涌着白色泡沫，阴沉的灰色天空在头顶笼罩，营造出戏剧性且紧张的氛围。,['emily rogers']
113,113,在紫色和蓝色城市灯光的映照下，一块白色矩形标牌上写着醒目的红色字体“禁止停车，任何时间”，旁边还有一个向右的箭头。模糊的城市建筑背景增强了朦胧的夜晚氛围，标牌角度突出了重点。,['禁止停车，任何时间']
114,114,安装在灰色杆子上，一个蓝色的街道标牌上用白色文字写着“超人大道”，旁边有一个小白星符号。它的背后是现代玻璃建筑与带拱门的历史石头建筑的对比，建筑下是微云的天空。,['超人大道']
115,115,一只棕色虎斑猫坐在米色地毯上，注视着一台黑色电视机，它的倒影在屏幕上隐约可见。左边有趣的黑色文字写着“哎呀，我狂看了”，右边是棕色文字，写着“太多剧集。”一叠DVD从电视机后面露出来。,"['哎呀，我狂看了', '太多剧集。']"
116,116,驾驶在阳光明媚的郊区街道上，一辆奶油色和栗红色的双层巴士侧面显示着“再见，再会”。前面显示牌写着“210 牛津街”，当巴士在砖房和晴朗天空下转过一个弯时，一个“伦敦交通”的标志清晰可见。,"['再见，再会', '210 牛津街', '伦敦交通']"
117,117,停在人行道旁，光秃的树枝悬挂在头顶，一辆标有“银河之旅”的绿色和银色豪华巴士停在一家名为“本田赛车运动”的店铺前。巴士的深色窗户反射着阴云密布的天空，而店铺外装饰着几辆摩托车。,"['银河之旅', '本田赛车运动']"
118,118,一个设计为欢乐的红色火车头的生日蛋糕，上面有一个黑色烟囱，坐落在绿色的底板上。轨道围绕着蛋糕，蓝色糖霜写着“祝亚历克斯5岁生日快乐！”一个小小的列车长玩偶在旁边挥手，周围散落着五彩的纸屑和气球。,['祝亚历克斯5岁生日快乐！']
119,119,在一个昏暗的城市角落，一块蓝色的“BROADWAY ST”标牌悬挂在建筑物的正面，上面装饰着竖立的霓虹中文字符。一个“ONE WAY”标志指向右边，墙上有涂鸦，一个旧电话亭矗立在附近，浸润在温暖的琥珀色光芒中。,"['BROADWAY ST', 'ONE WAY']"
120,120,一架漆成经典蓝白涂装的汉莎航空飞机从跑道上起飞，起落架正在收起。机尾展示了汉莎航空的标志，而背景中的薄雾森林和灰色天空模糊不清，突出起飞时的动感。,['Lufthansa']
121,121,西柚色调的室内呈现出一个复古书桌布置：一台旧显示器、一个陶瓷花瓶和一盏柔和发光的灯。潦草的字母浮现在场景中，电脑屏幕上显示着：“编译：精心拼凑在一起。”整体氛围怀旧而温暖。,['编译：精心拼凑在一起。']
122,122,在湛蓝的天空下，一个绿色的木柱支撑着两个白色的街道标牌：左边是“骑士道”，右边是“种马路”，每个标牌上都有一个马的标志。下面，一个鲜红的停车标志格外引人注目，郁郁葱葱的树木和隐约的飞机轨迹构成宁静的乡村背景。,"['骑士道', '种马路']"
123,123,在黄昏时分，一条狭窄的鹅卵石街道蜿蜒穿过宁静的村庄，那里一家面包店的门上挂着一盏灯笼，牌子上写着“每日新鲜面包”，附近的喷泉上有一块牌匾，上面写着“始于1852年”。,"['每日新鲜面包', '始于1852年']"
124,124,在高大的松树下，沿着雾气弥漫的森林小径，一个木制路标指向两个方向，一个标记为“低语溪”，另一个标记为“山顶小径”，而小径起点处的石刻写着“只带走回忆”。,"['低语溪', '山顶小径', '只带走回忆']"
125,125,一个繁忙的机场航站楼，旅客匆匆穿过数字屏幕，一个大显示屏闪烁着“18号登机口 - 最后呼叫”，附近的小咖啡柜台有一个写着“起飞前的新鲜咖啡”的黑板标志。,"['18号登机口 - 最后呼叫', '起飞前的新鲜咖啡']"
126,126,在一个海风呼啸的海边码头上，渔网挂在木桩上，破旧的招牌上写着“港湾尽头”，轻轻摇摆着，一只海鸥停在标有“今日渔获”的板条箱上。,"['港湾尽头', '今日渔获']"
127,127,在一个热闹的城市广场上，周围是街头艺人和市场摊位，一条横跨两根灯柱的横幅上写着“夏季节日”，而一个食品车上则展示着一张手写纸条，上面写着“全城最好的柠檬水”。,"['夏季节日', '全城最好的柠檬水']"
128,128,在金色的夕阳下，一条鹅卵石街道穿过一个古朴的村庄广场。一个锻铁灯柱上挂着两个复古的标牌：上面是一个褪色的棕色牌匾，上面写着“数学市场广场”，下面是一个绿色的牌子，指向“河畔步道”。,"['数学市场广场', '河畔步道']"
129,129,被高耸的松树和背景中清澈的蓝色湖水环绕，一座陈旧的木码头延伸至平静的水面。在码头入口处，一个手绘的招牌上用欢乐的黄色字母写着“船租赁”。独木舟和桨板整齐排列着，一只孤独的鸭子在正午阳光下的波光粼粼的水面上滑行。,['船租赁']
130,130,在繁华的城市街角，节日灯串下，一个红白条纹的遮阳棚下遮住了一个鲜花摊，上面满是五彩缤纷的鲜花。旁边支起的一个小黑板上写着“鲜花郁金香——5朵$10”。,['鲜花郁金香——5朵$10']
131,131,一条蜿蜒的乡村道路曲折地穿过起伏的绿色山丘，山丘上点缀着吃草的羊群。路边有一道古朴的木栅栏，一根陈旧的路标矗立着，箭头指向“老磨坊 2公里”和“村庄客栈 5公里”。头顶上，白绒绒的云朵懒洋洋地漂浮在明亮的春天空中，而野花在微风中轻轻摇曳。,"['老磨坊 2公里', '村庄客栈 5公里']"
132,132,在两座石建筑之间的小书店里，一个宽大的凸窗展示着成堆的古董书籍，一块小牌子上写着“内有稀有珍品”。一只黑猫懒洋洋地躺在窗台上，享受着午后的阳光。门上方挂着一块刻有“章节与魅力”的木质招牌，随着顾客进门轻轻摇摆，空气中弥漫着旧书页和新鲜咖啡的香气。,"['内有稀有珍品', '章节与魅力']"
133,133,在一个宁静的海边散步道上，一辆涂成粉彩色的自行车靠在白色栏杆上，俯瞰着海浪。车篮上挂着一个木制的标签，上面写着“海岸巡游”。附近，一个蓝色的指示牌引导游客前往“灯塔观景点”和“贝壳海滩”。,"['海岸巡游', '灯塔观景点', '贝壳海滩']"
134,134,在一个未来城市广场上，在全息广告牌的照耀下，一辆流线型电动滑板车在一个发光的蓝色终端旁停靠，显示“充电完成”。上方，一座透明的天桥连接着两座玻璃摩天大楼，而穿着智能服装的行人在闪烁着“生态区 - 无排放”的数字标志下经过。傍晚的天空从深靛色过渡到霓虹灯反射的色彩。,"['充电完成', '生态区 - 无排放']"
135,135,在深秋的森林中，一条被金色叶子覆盖的小径通向一座标有“低语松林休养地”的木制拱门。灯笼悬挂在树枝上，随着黄昏临近，散发出柔和的光芒。附近一块石头上刻着“此点之外请保持安静”的标示，邀请游客进入一个由沙沙作响的树叶和远处猫头鹰叫声构成的宁静世界。,"['低语松林休养地', '此点之外请保持安静']"
136,136,在繁忙的机场航站楼，乘客拖着行李箱经过一个大型电子显示屏，上面显示着“飞往东京的726航班——现在登机”。头顶的玻璃天花板让自然光充满整个空间，附近的标牌指向“A1-A20登机口”和“休息区”。一位咖啡师在发光的“起飞咖啡馆”标志下提供咖啡，为清晨的旅客注入活力。,"['飞往东京的726航班——现在登机', 'A1-A20登机口', '休息区', '起飞咖啡馆']"
137,137,在一个繁忙的地铁站入口旁，标有“3号线 - 中央广场”的标志，乘客们穿过玻璃门进入一个现代化的雨棚下方。一个发着蓝光的标牌显示“下一班列车：2分钟”。街头艺人靠近一位卖花的小贩演奏着欢快的乐曲，骑行者把自行车停在一个标有“城市单车共享”的停车架旁。,"['3号线 - 中央广场', '下一班列车：2分钟', '城市单车共享']"
138,138,在阳光普照的城市广场上，周围是高耸的办公楼，一座大型喷泉闪闪发光，儿童在旁边嬉戏。一个铜牌上写着“自由广场 - 建于1924年”。食品卡车沿着边缘排列，每辆卡车都有彩色黑板菜单，提供“美味玉米饼”和“新鲜柠檬水”。办公室职员在午餐休息时在盛开的树下的长椅上放松。,"['自由广场 - 建于1924年', '美味玉米饼', '新鲜柠檬水']"
139,139,柜台上方手绘的招牌写着“第一章书店”。阳光透过彩绘玻璃窗洒下，五彩斑斓的图案映在硬木地板上。小黑板上写着“作者读书会 - 今晚六点”。,"['第一章书店', '作者读书会 - 今晚六点']"
140,140,在一个充满活力的露天市场，条纹遮阳棚为摊位挡住阳光，摊位上摆满了新鲜的农产品、手工艺品和芳香的香料。上方的木牌上写着“河畔市场 - 仅限周六”。购物者穿梭在人群中，停在一个摊位前，摊主在“手工奶酪”横幅下提供样品。,"['河畔市场 - 仅限周六', '手工奶酪']"
141,141,一排蓝色的公交车停靠在标有“12号门 - 城际快车”的金属顶篷下，在繁忙的公交总站内等待。LED屏滚动显示“下一班：15:30”。旅客们端着纸杯喝着咖啡，旁边一个标有“城市新闻”的报刊亭展示着头条新闻和当地地标的明信片。,"['12号门 - 城际快车', '下一班：15:30', '城市新闻']"
142,142,在城市公园入口处，有一座锻铁拱门，上面写着 “柳树花园”。慢跑者经过一个标有 “您在这里”的地图展板，而家庭则在附近的售货亭租赁脚踏船。街灯沿着鹅卵石小径排列，一个指示牌指向 “游乐场”、“玫瑰花园” 和 “湖景”。,"['柳树花园', '您在这里', '游乐场', '玫瑰花园', '湖景']"
143,143,在一个影院前面，灯光闪烁的招牌上写着“正在上映：经典电影节”，情侣和朋友们聚集在复古灯泡的柔和光芒下。售票窗口展示了一个标志，上面写着“成人$5 - 包含爆米花。” 玻璃框中的电影海报排列在入口处，而空气中飘荡着黄油爆米花的香味。一条红地毯通向装饰艺术风格的大堂，里面的霓虹灯闪烁着“1号放映厅 - 晚上7:00开始。”,"['正在上映：经典电影节', '成人$5 - 包含爆米花。', '1号放映厅 - 晚上7:00开始。']"
144,144,在社区篮球场明亮的泛光灯下，球员们穿着五颜六色的球衣展开竞争，黄昏渐渐融入夜色。一块破旧的记分牌显示“主队42 - 客队39”，观众们靠在铁丝网围栏上，热情地呐喊助威。附近的一条木制长椅上放着水瓶，旁边是一个写着“社区球场 - 开放至晚上10点”的标牌。凉爽的夜空气中回响着球鞋的吱吱声和球的有节奏的弹跳声。,"['主队42 - 客队39', '社区球场 - 开放至晚上10点']"
145,145,展示一款为科技初创公司设计的时尚三折页宣传册，强调整洁的蓝白美学与现代几何装饰风格。封面展示公司名称“NovaTech Solutions”，并配有口号“创新突破界限”，内页布局以“连接无限”为主题介绍服务。,"['NovaTech Solutions', '创新突破界限', '连接无限']"
146,146,为了一个充满活力的健身活动，请设计一张大胆的单页宣传单，采用充满活力的视觉效果和醒目的红色装饰。将“PowerGym”显著地置于顶部，以“立即加入”激励读者，并以“首月免费”的特别优惠吸引新会员。,"['PowerGym', '立即加入', '首月免费']"
147,147,在一个房产中介的极简宣传册中捕捉优雅风格，使用宽敞的布局、中性色调以及高质量的房产图片。将“天际线地产”作为标题，用“您的梦想之家在等待”来激发信任，并用一个清晰的“联系我们”部分来指导客户。,"['天际线地产', '您的梦想之家在等待', '联系我们']"
148,148,介绍一个舒适的、柔和色彩主题的双折页面包店宣传单，用手绘插图和柔和的纹理装饰。在封面上展示“甜蜜时光面包店”，突出每日供应“每日新鲜烘焙”，在内页加入一个迷人的注释“自1998年成立”。,"['甜蜜时光面包店', '每日新鲜烘焙', '自1998年成立']"
149,149,提出一家咨询公司的企业宣传册概念，使用专业的海军蓝和灰色配色与结构化的网格设计。显示“Vertex Consulting”作为主标题，用“战略性增长解决方案”突出专业领域，并将关键点归类于“我们的服务”。,"['Vertex Consulting', '战略性增长解决方案', '我们的服务']"
150,150,通过一个充满俏皮形状和渐变背景的彩色活动海报来宣传一个充满活力的夏季音乐节。突出强调“太阳节2024”，以“现场音乐和餐车”作为补充，并以“门票现已开售”激励行动。,"['太阳节2024', '现场音乐和餐车', '门票现已开售']"
151,151,设计一个舒缓的医疗诊所宣传册，使用绿色和白色的色调搭配简洁的图标和清晰的部分。展示“健康生活中心”，以“值得信赖的关怀”安抚患者，并在“预约详情”下提供预约信息。,"['健康生活中心', '值得信赖的关怀', '预约详情']"
152,152,通过旅游代理广告激发旅行热情，该广告包含全幅异国目的地图片和优雅的金色装饰。标题为“旅行热情”，吸引客户“探索世界”，并突出促销活动“本月节省20%”。,"['旅行热情', '探索世界', '本月节省20%']"
153,153,通过设计带有泥土色调和叶子图案的环保产品宣传册来推广可持续发展。封面放置“EcoPure Products”，用“可持续选择，为更好的明天”来传达价值，并用“100%可回收”认证产品。,"['EcoPure Products', '可持续选择，为更好的明天', '100%可回收']"
154,154,通过使用干净的图标增强传单来鼓励语言学习，标志着国旗符号和现代排版。突出“环球语言学院”，以“今天学习一门新语言”激励，并用“立即报名”促使立即行动。,"['环球语言学院', '今天学习一门新语言', '立即报名']"
155,155,突出一个简约的名片设计，白色背景加上精细的灰色字体。将名字“Alice Chen”置于中央，加上“平面设计师”，放置电话号码“+1 234 567 8901”，并在底部添加网站链接“www.alicecreative.com”。,"['Alice Chen', '平面设计师', '+1 234 567 8901', 'www.alicecreative.com']"
156,156,为一家奢侈品牌顾问设计一款竖版商务名片，使用黑色磨砂材质并采用金箔点缀。突出显示首字母“JL”，接着是“James Liu | 品牌战略顾问”，包括“contact@jlbrand.com”和电话号码“+86 138 0000 0000”。,"['JL', 'James Liu | 品牌战略顾问', 'contact@jlbrand.com', '+86 138 0000 0000']"
157,157,展示一张现代化的双面科技初创公司名片，使用大胆的蓝色调。正面显示“InnoTech”，背面列出“张迈克”、“产品经理”、“michael@innotech.io”和“www.innotech.io”。,"['InnoTech', '张迈克', '产品经理', 'michael@innotech.io', 'www.innotech.io']"
158,158,介绍一个充满趣味的名片设计，适合儿童书籍插画师，使用粉彩色。展示“Sophie Wu”、“插画师”，标语“赋予故事生命”，以及联系方式“sophie.art@gmail.com”。,"['Sophie Wu', '插画师', '赋予故事生命', 'sophie.art@gmail.com']"
159,159,用深海军蓝色调设计一张横向名片，彰显一家律师事务所的优雅形象。展示“李氏律师事务所”、“李大卫 | 高级律师”、“+1 555 987 6543”和“www.lipartnerslaw.com”。,"['李氏律师事务所', '李大卫 | 高级律师', '+1 555 987 6543', 'www.lipartnerslaw.com']"
160,160,设计一张创意方形名片，适合自由摄影师，采用单色调设计，并带有相机图标作为水印。突出显示“艾玛 赵”，添加“视觉故事讲述者”，包括“hello@emmazhao.com”和电话“+44 7700 900123”。,"['艾玛 赵', '视觉故事讲述者', 'hello@emmazhao.com', '+44 7700 900123']"
161,161,为一家现代建筑公司设计一款透明塑料商务名片，使用流畅的线条和简约的文字。包括公司名称“ArchiForm”、建筑师姓名“Kevin Sun”、职位“首席设计师”，以及网站“www.archiformdesign.com”。,"['ArchiForm', 'Kevin Sun', '首席设计师', 'www.archiformdesign.com']"
162,162,制作一个乡村风格的有机农场名片，使用牛皮纸纹理和绿色点缀。 展示“GreenFields农场”，所有者姓名“Lily Wang”，电话号码“+1 800 123 4567”，以及电子邮件“info@greenfields.com”。,"['GreenFields农场', 'Lily Wang', '+1 800 123 4567', 'info@greenfields.com']"
163,163,展示一张充满活力的数字营销机构名片，使用渐变背景和大胆字体。包括“BrightIdeas Media”、联系人“Jason Yu | 营销专家”、网站“www.brightideas.com”和电话“+1 222 333 4444”。,"['BrightIdeas Media', 'Jason Yu | 营销专家', 'www.brightideas.com', '+1 222 333 4444']"
164,164,为一家精品时尚设计师设计一张优雅的卡片，使用柔和的粉色调和花体字字体。内容包括“Clara Lin Couture”，副标题“量身定制设计”，联系方式“info@claralin.com”，电话“+86 139 8888 8888”。,"['Clara Lin Couture', '量身定制设计', 'info@claralin.com', '+86 139 8888 8888']"
165,165,在现代科技公司标志中加入一个别致的几何图标。突出品牌名称“NexaCore”，添加标语“未来。简化。”，在设计下方附上“创立于2022”的文字。,"['NexaCore', '未来。简化。', '创立于2022']"
166,166,设计一个使用叶子单线图的简约徽标，用于环保品牌。在图标下方放置品牌名称“GreenPath”，并添加一个低调的标语“可持续生活”。,"['GreenPath', '可持续生活']"
167,167,为一家精品咖啡店设计一个复古风格的标志，使用圆形徽章布局。包括“Brew & Co.”，“手工咖啡”以及“始于2015年”。,"['Brew & Co.', '手工咖啡', '始于2015年']"
168,168,展示一个优雅的单字母组合标志，用于奢侈时尚品牌，将“CL”首字母以衬线字体设计，下面是全名“Clara Luxe”，并附有“小字”巴黎。,"['CL', 'Clara Luxe', '小字']"
169,169,为一家儿童玩具店设计一个充满趣味的手绘标志，使用鲜艳的色彩和柔和的形状。突出品牌名称“HappyLand”，并添加一个欢快的标语“快乐开始的地方！”。,"['HappyLand', '快乐开始的地方！']"
170,170,介绍一个大胆的数字营销机构排版标志，重点是干净的无衬线字体。展示“BrightEdge”，随后是“数字解决方案”，以及一个简约的“成立于2020”。,"['BrightEdge', '数字解决方案', '成立于2020']"
171,171,制作一个质朴风格的有机农场标志，使用大地色调和谷仓剪影。包含文字“柳溪农场”，标语“源自自然”，以及“成立于1998年”。,"['柳溪农场', '源自自然', '成立于1998年']"
172,172,在标志中设计一个现代抽象符号，用于金融咨询公司。将公司名称“Summit Advisors”与一句低调的标语“引领您的成长”相结合。,"['Summit Advisors', '引领您的成长']"
173,173,设计一个健身品牌的动态标志，融入动感线条和醒目的字体。突出显示“PulseFit”，添加“力量与健康”，以及“自2010年”。,"['PulseFit', '力量与健康', '自2010年']"
174,174,为一个教育平台设计一个简洁的标志，使用书籍图标和柔和的蓝色调。包含“LearnSphere”、标语“知识让学习变得简单”，以及小字“成立于2021”。,"['LearnSphere', '知识让学习变得简单', '成立于2021']"
175,175,特色抽象水彩图案用于自助书封面。将标题“宁静的艺术”置于中央，将作者名字“莉莉·陈”放在底部，并添加一个细微的副标题“在繁忙的世界中寻找平静”。,"['宁静的艺术', '莉莉·陈', '在繁忙的世界中寻找平静']"
176,176,在商务报告封面上，采用简洁且企业化的布局，使用海军蓝和灰色调。显示标题“2024年度财务审查”，包括公司名称“Vertex Corp”，并在角落添加“机密”。,"['2024年度财务审查', 'Vertex Corp', '机密']"
177,177,展示大胆的字体设计和黑白摄影，用于时尚杂志封面。突出刊名“每月风格”，加入标题“春季潮流2024”，以及标语“优雅与前卫的交汇”。,"['每月风格', '春季潮流2024', '优雅与前卫的交汇']"
178,178,为独立乐队设计一个极简专辑封面，使用柔和渐变和简单图标。放置乐队名称“回声波”、专辑名称“迷失在声音中”，以及发行年份“2024”。,"['回声波', '迷失在声音中', '2024']"
179,179,用暗色调和迷雾森林的图像捕捉神秘感，作为惊悚小说封面。标题为《阴影中的低语》，作者姓名“詹姆斯·吴”，副标题为“一部扣人心弦的悬疑故事”。,"['詹姆斯·吴', '一部扣人心弦的悬疑故事']"
180,180,设计一本旅行指南的活力封面，展示秀丽风景和醒目色彩。显著呈现“探索日本”，包括“热门目的地与隐藏宝藏”，以及出版商名称“旅行者指南”。,"['探索日本', '热门目的地与隐藏宝藏', '旅行者指南']"
181,181,呈现一个基于几何图案的技术白皮书封面。放置标题“AI 创新 2025”，公司标志“TechNova”，以及页脚文字“塑造自动化的未来”。,"['AI 创新 2025', 'TechNova', '塑造自动化的未来']"
182,182,提供一个活泼的、插图式的儿童故事书封面，用明亮的色彩和卡通动物。标题为《阳光草地历险记》，作者署名“作者：张苏菲”，并添加标语“友情的故事”。,"['作者：张苏菲', '友情的故事']"
183,183,应用一种简洁、现代的布局设计数字营销电子书封面，使用渐变背景和图标设计。展示“社交媒体精通”，“作者：李杰”和“2024版”。,"['社交媒体精通', '作者：李杰', '2024版']"
184,184,为一张古典音乐专辑设计一个优雅的封面，使用金色装饰和小提琴轮廓。包括艺术家名字“克拉拉 刘”、专辑标题“宁静之弦”，以及小字“现场录制于维也纳”。,"['克拉拉 刘', '宁静之弦', '现场录制于维也纳']"
185,185,在斑驳的砖墙上绘制一个动态涂鸦作品，其中“自由”一词以大胆的线条和霓虹喷漆纹理迸发。,['自由']
186,186,如何创作街头艺术，以“感受城市氛围，活出都市节奏”为主题，使用鲜艳的色彩和滴落的油漆效果，并以覆盖多层涂鸦标签的地铁列车为背景？,['感受城市氛围，活出都市节奏']
187,187,设计一个涂鸦作品，以“叛逆”一词为主题，采用尖锐的角度、丰富的色彩图案以及飞溅效果，呈现在一条老旧的混凝土巷子墙上。,['叛逆']
188,188,让我们想象一个涂鸦壁画，其中“勇敢梦想”用俏皮的泡泡字母书写，填充彩虹渐变，以城市屋顶背景为框。,['勇敢梦想']
189,189,尝试设计一个大胆的街头艺术作品，在金属车库门上用粗线条、鲜艳的喷涂纹理和抽象形状拼写出“没有限制，没有规则——只有纯粹的表达”。,['没有限制，没有规则——只有纯粹的表达']
190,190,请用野性涂鸦风格描绘“保持野性，保持自由，让街头讲述你的故事”这句话，融合电蓝色和火红色，设在城市地下通道的墙上。,['保持野性，保持自由，让街头讲述你的故事']
191,191,你可以用柔和的粉彩喷涂混合锐利的黑色线条描绘“希望升起”，这些图案出现在一座破裂、废弃的建筑外墙上。,['希望升起']
192,192,在涂鸦满布的滑板公园坡道上，用几何图案和明亮的霓虹色调创作“街头灵魂”的涂鸦标签。,['街头灵魂']
193,193,展示一幅涂鸦风格的艺术作品，其中“回声”逐渐淡入旋转的喷漆云彩，层叠在粗糙的仓库墙上。,['回声']
194,194,你能否考虑创作一幅色彩斑斓的涂鸦作品，拼写出“脉搏”，运用动态运动线条和泼溅效果，放置在地铁隧道入口处？,['脉搏']
195,195,"生成论文的第一页，内容如下：标题：《去噪扩散概率模型》\n作者名单：Jonathan Ho, Ajay Jain, Pieter Abbeel\n摘要：我们利用扩散概率模型（一类受非平衡热力学考虑启发的潜变量模型）呈现了高质量的图像合成结果。通过在一个加权变分界限上进行训练（该界限是根据扩散概率模型与Langevin动态去噪得分匹配之间的新颖连接设计的），我们获得了最佳的结果。我们的模型自然地采用一种渐进的有损解压方案，可以被解释为自回归解码的推广。在无条件CIFAR10数据集上，我们得到9.46的Inception得分和3.17的最新FID得分。在$256 \times 256$的LSUN数据集上，我们获得了与ProgressiveGAN相似的样本质量。我们的实现可以在https://github.com/hojonathanho/diffusion找到。\n 1.介绍 \n各种深度生成模型最近在多种数据模式中展示了高质量的样本。生成对抗网络（GAN）、自回归模型、流模型和变分自编码器（VAE）已合成了引人注目的图像和音频样本[14, 27, 3, $58,38,25,10,32,44,57,26,33,45]$，同时，在能量模型和得分匹配方面也有了显著进展，生成了与GAN相媲美的图像[11,55]。","['标题：去噪扩散概率模型\n作者名单：Jonathan Ho, Ajay Jain, Pieter Abbeel\n摘要：我们利用扩散概率模型（一类受非平衡热力学考虑启发的潜变量模型）呈现了高质量的图像合成结果。通过在一个加权变分界限上进行训练（该界限是根据扩散概率模型与Langevin动态去噪得分匹配之间的新颖连接设计的），我们获得了最佳的结果。我们的模型自然地采用一种渐进的有损解压方案，可以被解释为自回归解码的推广。在无条件CIFAR10数据集上，我们得到9.46的Inception得分和3.17的最新FID得分。在$256 \times 256$的LSUN数据集上，我们获得了与ProgressiveGAN相似的样本质量。我们的实现可以在https://github.com/hojonathanho/diffusion找到。\n 1.介绍 \n各种深度生成模型最近在多种数据模式中展示了高质量的样本。生成对抗网络（GAN）、自回归模型、流模型和变分自编码器（VAE）已合成了引人注目的图像和音频样本[14, 27, 3, $58,38,25,10,32,44,57,26,33,45]$，同时，在能量模型和得分匹配方面也有了显著进展，生成了与GAN相媲美的图像[11,55]。']"
196,196,生成论文首页从以下信息中：题目：用于图像识别的深度残差学习\n作者名单：何恺明，张祥雨，任少卿，孙剑\n摘要：更深的神经网络更难训练。我们提出一种残差学习框架，以简化比以前使用的网络深度更大的网络训练。我们明确地将层重构为参考层输入来学习残差函数，而不是学习无参考的函数。我们提供了全面的实证证据，显示残差网络更易优化，且即使深度显著增加也能提升准确性。在ImageNet数据集上，我们评估了深度高达152层的残差网络——其深度是VGG网络[41]的8倍，但复杂性仍然较低。这些残差网络的集合在ImageNet测试集上达到3.57%的错误率。该结果在ILSVRC 2015分类任务中获得第一名。我们还在CIFAR-10上对100层和1000层进行了分析。对于许多视觉识别任务而言，表示的深度具有重要意义。仅因我们极深的表示，我们在COCO目标检测数据集上获得了28%的相对改善。,['题目：用于图像识别的深度残差学习\n作者名单：何恺明，张祥雨，任少卿，孙剑\n摘要：更深的神经网络更难训练。我们提出一种残差学习框架，以简化比以前使用的网络深度更大的网络训练。我们明确地将层重构为参考层输入来学习残差函数，而不是学习无参考的函数。我们提供了全面的实证证据，显示残差网络更易优化，且即使深度显著增加也能提升准确性。在ImageNet数据集上，我们评估了深度高达152层的残差网络——其深度是VGG网络[41]的8倍，但复杂性仍然较低。这些残差网络的集合在ImageNet测试集上达到3.57%的错误率。该结果在ILSVRC 2015分类任务中获得第一名。我们还在CIFAR-10上对100层和1000层进行了分析。对于许多视觉识别任务而言，表示的深度具有重要意义。仅因我们极深的表示，我们在COCO目标检测数据集上获得了28%的相对改善。']
197,197,"根据以下信息生成论文的第一页：标题：密集连接卷积网络 作者列表：黄高, 刘壮， Laurens van der Maaten, Kilian Q. Weinberger 摘要：最近的研究表明，如果卷积网络在靠近输入层和靠近输出层之间包含较短的连接，它们可以变得更深、更准确，并且训练更加高效。在本文中，我们采纳这一观察结果并引入了密集卷积网络，它以前馈的方式将每一层与其他所有层连接起来。传统的具有 $L$ 层的卷积网络有 $L$ 个连接——每层与其后续层之间各有一个连接，而我们的网络有 $\frac{L(L+1)}{2}$ 个直接连接。对于每一层，所有前面的层的特征图被用作输入，而本层的特征图又作为输入用于所有后续层。密集网络具有几个引人注目的优点：它们缓解了梯度消失问题，加强了特征传播，促进了特征重用，并大大减少了参数数量。我们在四个竞争激烈的目标识别基准任务中评估了我们提出的架构。密集网络在其中大多数任务上明显优于现有的技术水平，同时需要更少的计算量即可实现高性能。","['标题：密集连接卷积网络 作者列表：黄高, 刘壮， Laurens van der Maaten, Kilian Q. Weinberger 摘要：最近的研究表明，如果卷积网络在靠近输入层和靠近输出层之间包含较短的连接，它们可以变得更深、更准确，并且训练更加高效。在本文中，我们采纳这一观察结果并引入了密集卷积网络，它以前馈的方式将每一层与其他所有层连接起来。传统的具有 $L$ 层的卷积网络有 $L$ 个连接——每层与其后续层之间各有一个连接，而我们的网络有 $\frac{L(L+1)}{2}$ 个直接连接。对于每一层，所有前面的层的特征图被用作输入，而本层的特征图又作为输入用于所有后续层。密集网络具有几个引人注目的优点：它们缓解了梯度消失问题，加强了特征传播，促进了特征重用，并大大减少了参数数量。我们在四个竞争激烈的目标识别基准任务中评估了我们提出的架构。密集网络在其中大多数任务上明显优于现有的技术水平，同时需要更少的计算量即可实现高性能。']"
198,198,"生成论文第一页的提示信息：标题：《注意力就是你所需要的》\n作者列表：Ashish Vaswani, Noam Shazeer, Niki Parmar, Jakob Uszkoreit, Llion Jones, Aidan N. Gomez, Lukasz Kaiser, Illia Polosukhin\n摘要：现有主要的序列转换模型基于编码器-解码器结构中的复杂递归或卷积神经网络。表现最好的模型还通过注意力机制将编码器和解码器连接起来。我们提出了一种新的简单网络架构，即Transformer，仅基于注意力机制，完全摒弃了递归和卷积。在两个机器翻译任务上的实验表明，这些模型在质量上更优，同时更具并行性，训练所需时间显著减少。在WMT 2014英译德翻译任务中，我们的模型达到28.4 BLEU，较现有最佳结果提升了超过2 BLEU，包括集成模型。在WMT 2014英译法翻译任务中，我们的模型经过8个GPU3.5天的训练后设立了新的单模型最先进的BLEU分数41.8，而训练成本仅为文献中最佳模型的一小部分。","['标题：注意力就是你所需要的\n作者列表：Ashish Vaswani, Noam Shazeer, Niki Parmar, Jakob Uszkoreit, Llion Jones, Aidan N. Gomez, Lukasz Kaiser, Illia Polosukhin\n摘要：现有主要的序列转换模型基于编码器-解码器结构中的复杂递归或卷积神经网络。表现最好的模型还通过注意力机制将编码器和解码器连接起来。我们提出了一种新的简单网络架构，即Transformer，仅基于注意力机制，完全摒弃了递归和卷积。在两个机器翻译任务上的实验表明，这些模型在质量上更优，同时更具并行性，训练所需时间显著减少。在WMT 2014英译德翻译任务中，我们的模型达到28.4 BLEU，较现有最佳结果提升了超过2 BLEU，包括集成模型。在WMT 2014英译法翻译任务中，我们的模型经过8个GPU3.5天的训练后设立了新的单模型最先进的BLEU分数41.8，而训练成本仅为文献中最佳模型的一小部分。']"
199,199,"撰写论文第一页的内容，信息如下：标题：《你只看一次：统一的实时目标检测》作者名单：Joseph Redmon, Santosh Divvala, Ross Girshick, Ali Farhadi摘要：我们提出了YOLO，一种新的目标检测方法。之前的目标检测工作将分类器改造为检测工具。而我们将目标检测构建为一个回归问题，用于预测空间上分离的边界框及其相关的类别概率。单个神经网络可以直接从完整图像中预测边界框和类别概率，只需一次评估。由于整个检测流程是一个单一的网络，能够直接基于检测性能进行端到端优化。我们的统一架构极为快速。基础YOLO模型能够以每秒45帧的速度实时处理图像。最后，YOLO学习了非常广泛的目标表示。在从自然图像到艺术作品的数据集（包括Picasso数据集和People-Art数据集）的泛化上，它显著优于所有其他检测方法，包括DPM和R-CNN。1. 引言目标检测任务涉及在图像中同时对目标进行定位和分类，在近年来取得了巨大进展。","['标题：你只看一次：统一的实时目标检测\n作者名单：Joseph Redmon, Santosh Divvala, Ross Girshick, Ali Farhadi摘要：我们提出了YOLO，一种新的目标检测方法。之前的目标检测工作将分类器改造为检测工具。而我们将目标检测构建为一个回归问题，用于预测空间上分离的边界框及其相关的类别概率。单个神经网络可以直接从完整图像中预测边界框和类别概率，只需一次评估。由于整个检测流程是一个单一的网络，能够直接基于检测性能进行端到端优化。我们的统一架构极为快速。基础YOLO模型能够以每秒45帧的速度实时处理图像。最后，YOLO学习了非常广泛的目标表示。在从自然图像到艺术作品的数据集（包括Picasso数据集和People-Art数据集）的泛化上，它显著优于所有其他检测方法，包括DPM和R-CNN。1. 引言目标检测任务涉及在图像中同时对目标进行定位和分类，在近年来取得了巨大进展。']"
